<?xml version="1.0" encoding="UTF-8"?>
<project xmlns="http://maven.apache.org/POM/4.0.0" xmlns:xsi="http://www.w3.org/2001/XMLSchema-instance" xsi:schemaLocation="http://maven.apache.org/POM/4.0.0 http://maven.apache.org/maven-v4_0_0.xsd">
  <modelVersion>4.0.0</modelVersion>
  <groupId>me.zero</groupId>
  <artifactId>SkyblockGame</artifactId>
  <name>SkyblockGame</name>
  <version>V2</version>
  <build>
    <sourceDirectory>src/main/java</sourceDirectory>
    <resources>
      <resource>
        <filtering>true</filtering>
        <directory>src/main/resources</directory>
      </resource>
    </resources>
    <plugins>
      <plugin>
        <artifactId>maven-compiler-plugin</artifactId>
        <version>3.8.1</version>
        <configuration>
          <source>1.8</source>
          <target>1.8</target>
        </configuration>
      </plugin>
      <plugin>
        <artifactId>maven-antrun-plugin</artifactId>
        <version>1.8</version>
        <executions>
          <execution>
            <phase>install</phase>
            <goals>
              <goal>run</goal>
            </goals>
            <configuration>
              <tasks>
                <copy />
              </tasks>
            </configuration>
          </execution>
        </executions>
      </plugin>
      <plugin>
        <artifactId>maven-shade-plugin</artifactId>
        <version>3.2.4</version>
        <executions>
          <execution>
            <phase>package</phase>
            <goals>
              <goal>shade</goal>
            </goals>
            <configuration>
              <createDependencyReducedPom>true</createDependencyReducedPom>
              <relocations>
                <relocation>
                  <pattern>org.mongodb</pattern>
                  <shadedPattern>me.zero.libs.mongodb</shadedPattern>
                </relocation>
              </relocations>
            </configuration>
          </execution>
        </executions>
      </plugin>
      <plugin>
        <artifactId>maven-jar-plugin</artifactId>
        <version>2.4</version>
        <configuration>
          <archive>
            <manifest>
              <mainClass>me.zero.skyblock.main.SkyblockGame</mainClass>
            </manifest>
          </archive>
          <archive>
            <manifest>
              <mainClass />
            </manifest>
          </archive>
          <archive>
            <manifest>
              <mainClass />
            </manifest>
          </archive>
          <archive>
            <manifest>
              <mainClass />
            </manifest>
          </archive>
          <archive>
            <manifest>
              <mainClass>SkyblockGame</mainClass>
            </manifest>
          </archive>
          <archive>
            <manifest>
              <mainClass />
            </manifest>
          </archive>
        </configuration>
      </plugin>
    </plugins>
  </build>
  <repositories>
    <repository>
      <id>songoda</id>
      <url>https://repo.songoda.com/repository/public</url>
    </repository>
    <repository>
      <id>spigot-repo</id>
      <url>https://hub.spigotmc.org/nexus/content/repositories/snapshots/</url>
    </repository>
    <repository>
      <id>jitpack.io</id>
      <url>https://jitpack.io</url>
    </repository>
  </repositories>
  <dependencies>
    <dependency>
      <groupId>org.spigotmc</groupId>
      <artifactId>spigot-api</artifactId>
      <version>1.8.8-R0.1-SNAPSHOT</version>
      <scope>provided</scope>
    </dependency>
    <dependency>
      <groupId>org.spigotmc</groupId>
      <artifactId>spigot</artifactId>
      <version>1.8.8</version>
      <scope>provided</scope>
    </dependency>
    <dependency>
      <groupId>org.projectlombok</groupId>
      <artifactId>lombok</artifactId>
      <version>1.18.30</version>
      <scope>provided</scope>
    </dependency>
  </dependencies>
  <properties>
    <maven.compiler.target>1.8</maven.compiler.target>
    <maven.compiler.source>1.8</maven.compiler.source>
    <project.build.sourceEncoding>UTF-8</project.build.sourceEncoding>
  </properties>
</project>
